{
  "raw": {
    "ppe_boxes": [
      [
        787.3716430664062,
        218.43698120117188,
        920.2943115234375,
        447.4188537597656
      ],
      [
        458.3062438964844,
        210.78256225585938,
        578.5250244140625,
        430.1932067871094
      ],
      [
        335.00457763671875,
        126.4900894165039,
        413.1446228027344,
        185.72787475585938
      ],
      [
        633.9723510742188,
        200.6918182373047,
        780.13037109375,
        397.65057373046875
      ],
      [
        802.6785888671875,
        114.5052261352539,
        885.89013671875,
        170.3964385986328
      ],
      [
        675.4050903320312,
        105.86572265625,
        743.2379150390625,
        162.91488647460938
      ],
      [
        495.20880126953125,
        123.17793273925781,
        570.7814331054688,
        178.8220672607422
      ]
    ],
    "ppe_scores": [
      0.9680402278900146,
      0.8573032021522522,
      0.8338292837142944,
      0.7919178009033203,
      0.7471057772636414,
      0.5196954011917114,
      0.294542133808136
    ],
    "ppe_classes": [
      1,
      1,
      0,
      1,
      0,
      0,
      0
    ],
    "person_boxes": [
      [
        751.1046752929688,
        125.3179702758789,
        937.2644653320312,
        620.01953125
      ],
      [
        595.3831787109375,
        112.67626953125,
        803.35546875,
        639.9290161132812
      ],
      [
        267.2628479003906,
        126.01005554199219,
        464.13446044921875,
        593.9806518554688
      ]
    ],
    "person_scores": [
      0.5651553869247437,
      0.31154102087020874,
      0.29128625988960266
    ],
    "person_classes": [
      0,
      0,
      0
    ],
    "person_keypoints": [
      [
        [
          846.9386596679688,
          255.03359985351562,
          0.8773960471153259
        ],
        [
          791.0987548828125,
          311.03936767578125,
          0.911074161529541
        ],
        [
          851.9697265625,
          346.05621337890625,
          0.846871018409729
        ],
        [
          836.6603393554688,
          220.2388153076172,
          0.7155599594116211
        ],
        [
          829.9300537109375,
          177.61294555664062,
          0.9399490356445312
        ],
        [
          896.5031127929688,
          201.05215454101562,
          0.747308611869812
        ],
        [
          808.3416748046875,
          234.97140502929688,
          0.8197044134140015
        ],
        [
          890.5384521484375,
          341.506103515625,
          0.7902470827102661
        ],
        [
          784.3246459960938,
          329.273681640625,
          0.9620875716209412
        ],
        [
          873.5548095703125,
          412.38897705078125,
          0.947985053062439
        ],
        [
          799.5,
          417.9287109375,
          0.8433679938316345
        ],
        [
          916.5814208984375,
          415.8370666503906,
          0.9321621060371399
        ],
        [
          805.8975219726562,
          463.6380920410156,
          0.9140924215316772
        ],
        [
          818.6941528320312,
          437.53253173828125,
          0.8415660262107849
        ],
        [
          834.9973754882812,
          444.80340576171875,
          0.7035661339759827
        ],
        [
          890.4030151367188,
          368.56927490234375,
          0.23761366307735443
        ],
        [
          827.3357543945312,
          382.85052490234375,
          0.2451137751340866
        ]
      ],
      [
        [
          711.4659423828125,
          298.29095458984375,
          0.8221439719200134
        ],
        [
          654.9102172851562,
          302.68280029296875,
          0.910201370716095
        ],
        [
          712.4287719726562,
          338.11932373046875,
          0.8109690546989441
        ],
        [
          680.9659423828125,
          229.91744995117188,
          0.6991408467292786
        ],
        [
          704.4049682617188,
          217.02001953125,
          0.911266565322876
        ],
        [
          754.3033447265625,
          206.71524047851562,
          0.8360968232154846
        ],
        [
          660.9519653320312,
          219.458251953125,
          0.7077649235725403
        ],
        [
          756.4188232421875,
          301.5419921875,
          0.48598119616508484
        ],
        [
          631.2948608398438,
          324.44000244140625,
          0.9519587159156799
        ],
        [
          743.7903442382812,
          367.6044006347656,
          0.9581860899925232
        ],
        [
          627.4730224609375,
          377.1712341308594,
          0.9136863946914673
        ],
        [
          761.9569702148438,
          384.95574951171875,
          0.8722972869873047
        ],
        [
          663.9127197265625,
          403.83477783203125,
          0.8823480010032654
        ],
        [
          672.7495727539062,
          415.02972412109375,
          0.8747146725654602
        ],
        [
          648.1436767578125,
          464.03167724609375,
          0.7447834014892578
        ],
        [
          731.6441650390625,
          388.58331298828125,
          0.5360028743743896
        ],
        [
          673.0567626953125,
          425.48895263671875,
          0.3612755239009857
        ]
      ],
      [
        [
          397.3084716796875,
          248.95956420898438,
          0.8130502700805664
        ],
        [
          371.7533264160156,
          292.8175354003906,
          0.8455608487129211
        ],
        [
          430.9635314941406,
          354.21112060546875,
          0.7899728417396545
        ],
        [
          373.7536926269531,
          171.22573852539062,
          0.7946491241455078
        ],
        [
          337.8839416503906,
          150.02896118164062,
          0.7963592410087585
        ],
        [
          399.5901184082031,
          211.4729461669922,
          0.8442599177360535
        ],
        [
          301.06298828125,
          223.868408203125,
          0.6481301188468933
        ],
        [
          428.6487731933594,
          301.34979248046875,
          0.6863396763801575
        ],
        [
          274.99493408203125,
          302.7115173339844,
          0.9067855477333069
        ],
        [
          452.3492126464844,
          393.539794921875,
          0.8800832033157349
        ],
        [
          300.4388427734375,
          369.75830078125,
          0.916441798210144
        ],
        [
          416.21600341796875,
          403.4493713378906,
          0.9585386514663696
        ],
        [
          290.6202392578125,
          401.26922607421875,
          0.9267255067825317
        ],
        [
          339.86444091796875,
          372.99005126953125,
          0.5874058604240417
        ],
        [
          402.2134704589844,
          428.3490295410156,
          0.4152582883834839
        ],
        [
          418.6366271972656,
          309.27325439453125,
          0.2685651481151581
        ],
        [
          308.97991943359375,
          373.53692626953125,
          0.29459676146507263
        ]
      ]
    ]
  }
}