{
  "raw": {
    "ppe_boxes": [
      [
        868.9834594726562,
        446.341064453125,
        1008.5222778320312,
        539.0059204101562
      ],
      [
        371.20574951171875,
        377.0389404296875,
        505.58465576171875,
        473.1731872558594
      ],
      [
        568.3433837890625,
        464.31890869140625,
        842.2213134765625,
        841.2265625
      ],
      [
        847.4827880859375,
        627.5491943359375,
        1058.640625,
        922.37890625
      ],
      [
        313.55657958984375,
        558.390869140625,
        577.1128540039062,
        925.970703125
      ],
      [
        641.5007934570312,
        272.3043518066406,
        770.2650146484375,
        364.3330383300781
      ]
    ],
    "ppe_scores": [
      0.9830445051193237,
      0.982331395149231,
      0.9757124781608582,
      0.9681286215782166,
      0.9390132427215576,
      0.9205107688903809
    ],
    "ppe_classes": [
      0,
      0,
      1,
      1,
      1,
      0
    ],
    "person_boxes": [
      [
        828.49951171875,
        526.9448852539062,
        1107.6148681640625,
        931.0
      ],
      [
        540.9154663085938,
        318.4740905761719,
        861.06884765625,
        918.0444946289062
      ],
      [
        239.87779235839844,
        432.78173828125,
        557.977294921875,
        931.0
      ]
    ],
    "person_scores": [
      0.9579864144325256,
      0.7109648585319519,
      0.6260233521461487
    ],
    "person_classes": [
      0,
      0,
      0
    ],
    "person_keypoints": [
      [
        [
          941.3187866210938,
          541.3807373046875,
          0.8926429748535156
        ],
        [
          886.5692138671875,
          707.9999389648438,
          0.8502326011657715
        ],
        [
          1052.322265625,
          799.5327758789062,
          0.8229634761810303
        ],
        [
          975.6567993164062,
          552.292724609375,
          0.6773055791854858
        ],
        [
          878.4637451171875,
          538.0767211914062,
          0.7198320031166077
        ],
        [
          1055.619384765625,
          675.6778564453125,
          0.6168915629386902
        ],
        [
          864.91796875,
          633.3001098632812,
          0.8684300780296326
        ],
        [
          1098.369140625,
          838.3207397460938,
          0.9272463917732239
        ],
        [
          844.45703125,
          787.382080078125,
          0.9049844145774841
        ],
        [
          1039.594970703125,
          862.0091552734375,
          0.9436445236206055
        ],
        [
          874.8561401367188,
          916.5560913085938,
          0.8752564191818237
        ],
        [
          1046.044677734375,
          931.0,
          0.7332552671432495
        ],
        [
          935.3392333984375,
          826.774658203125,
          0.8494494557380676
        ],
        [
          1028.37939453125,
          637.7899169921875,
          0.32196134328842163
        ],
        [
          998.0313110351562,
          880.1621704101562,
          0.18846017122268677
        ],
        [
          942.2109985351562,
          804.7822265625,
          0.03071938268840313
        ],
        [
          935.709716796875,
          708.5117797851562,
          0.05235811695456505
        ]
      ],
      [
        [
          726.5634765625,
          404.2923583984375,
          0.9338665008544922
        ],
        [
          693.6118774414062,
          586.0931396484375,
          0.8760613203048706
        ],
        [
          833.7256469726562,
          702.4593505859375,
          0.8643565773963928
        ],
        [
          757.8696899414062,
          356.45062255859375,
          0.7898610830307007
        ],
        [
          641.4173583984375,
          333.56658935546875,
          0.789935827255249
        ],
        [
          810.3361206054688,
          477.9919128417969,
          0.810001790523529
        ],
        [
          577.529541015625,
          488.605712890625,
          0.8540902733802795
        ],
        [
          859.1546020507812,
          658.233154296875,
          0.8989344239234924
        ],
        [
          534.9030151367188,
          635.5106201171875,
          0.9410661458969116
        ],
        [
          841.156982421875,
          790.7869262695312,
          0.9315999150276184
        ],
        [
          599.7206420898438,
          774.6077270507812,
          0.9280398488044739
        ],
        [
          814.0693359375,
          836.2725830078125,
          0.961521327495575
        ],
        [
          613.6578369140625,
          784.8349609375,
          0.9212945699691772
        ],
        [
          728.2611083984375,
          604.1290893554688,
          0.3128631114959717
        ],
        [
          779.2637329101562,
          801.2494506835938,
          0.20380252599716187
        ],
        [
          753.8012084960938,
          601.8436889648438,
          0.04839802905917168
        ],
        [
          649.964599609375,
          676.4570922851562,
          0.055849045515060425
        ]
      ],
      [
        [
          419.51239013671875,
          511.4791259765625,
          0.9534100890159607
        ],
        [
          350.9927673339844,
          617.04541015625,
          0.8438215255737305
        ],
        [
          478.5907897949219,
          772.7203979492188,
          0.8042993545532227
        ],
        [
          484.9507141113281,
          479.7450256347656,
          0.7283753156661987
        ],
        [
          373.6046142578125,
          490.8086242675781,
          0.7116369605064392
        ],
        [
          509.8099365234375,
          593.0709838867188,
          0.5646275877952576
        ],
        [
          320.8470764160156,
          612.8344116210938,
          0.8908929824829102
        ],
        [
          553.9287719726562,
          749.0867919921875,
          0.8791082501411438
        ],
        [
          258.4844665527344,
          739.9750366210938,
          0.9513891935348511
        ],
        [
          534.0365600585938,
          825.59326171875,
          0.9219094514846802
        ],
        [
          321.3434143066406,
          876.205322265625,
          0.8984035849571228
        ],
        [
          528.3667602539062,
          900.8167114257812,
          0.8795323371887207
        ],
        [
          338.4327392578125,
          829.592041015625,
          0.797569990158081
        ],
        [
          430.2568359375,
          600.0809936523438,
          0.2483527809381485
        ],
        [
          420.5422058105469,
          835.52880859375,
          0.133550763130188
        ],
        [
          390.12957763671875,
          759.1615600585938,
          0.047279588878154755
        ],
        [
          408.5373840332031,
          719.0963745117188,
          0.05039190873503685
        ]
      ]
    ]
  }
}