{
  "raw": {
    "ppe_boxes": [
      [
        272.335205078125,
        223.3273468017578,
        455.0640563964844,
        545.8876953125
      ],
      [
        460.0165100097656,
        91.3182601928711,
        593.6895751953125,
        194.4104461669922
      ],
      [
        290.81536865234375,
        69.4305191040039,
        399.6971130371094,
        153.5249481201172
      ],
      [
        497.2529296875,
        289.9388732910156,
        691.8439331054688,
        576.0
      ]
    ],
    "ppe_scores": [
      0.9177854061126709,
      0.9106956720352173,
      0.7743152976036072,
      0.5822873711585999
    ],
    "ppe_classes": [
      1,
      0,
      0,
      1
    ],
    "person_boxes": [
      [
        231.7102508544922,
        119.91801452636719,
        457.69744873046875,
        576.0
      ],
      [
        453.9365234375,
        159.93869018554688,
        660.9652099609375,
        538.0408325195312
      ]
    ],
    "person_scores": [
      0.8700695037841797,
      0.41495251655578613
    ],
    "person_classes": [
      0,
      0
    ],
    "person_keypoints": [
      [
        [
          356.8957214355469,
          208.1518096923828,
          0.9267939925193787
        ],
        [
          314.3902893066406,
          322.0595703125,
          0.8909740447998047
        ],
        [
          413.02593994140625,
          394.318359375,
          0.8218167424201965
        ],
        [
          377.7099609375,
          172.61209106445312,
          0.7583011388778687
        ],
        [
          297.790283203125,
          155.5717010498047,
          0.8160222768783569
        ],
        [
          421.95672607421875,
          258.84844970703125,
          0.7233784794807434
        ],
        [
          273.4066162109375,
          251.4718780517578,
          0.8434463739395142
        ],
        [
          450.2469177246094,
          375.2437438964844,
          0.8828399777412415
        ],
        [
          236.720947265625,
          370.3251953125,
          0.9585060477256775
        ],
        [
          434.41571044921875,
          451.07623291015625,
          0.9185354709625244
        ],
        [
          282.0703430175781,
          466.7964782714844,
          0.9139178395271301
        ],
        [
          431.30975341796875,
          496.3685607910156,
          0.9327506422996521
        ],
        [
          283.34295654296875,
          469.7367248535156,
          0.9337943196296692
        ],
        [
          360.5576477050781,
          341.40869140625,
          0.4243755638599396
        ],
        [
          385.049072265625,
          490.2283630371094,
          0.23258376121520996
        ],
        [
          360.6421203613281,
          374.7606506347656,
          0.07299888879060745
        ],
        [
          321.32421875,
          378.09490966796875,
          0.07987255603075027
        ]
      ],
      [
        [
          567.1080322265625,
          226.63330078125,
          0.891420841217041
        ],
        [
          526.4779052734375,
          266.5907287597656,
          0.8519408106803894
        ],
        [
          609.6710205078125,
          352.01123046875,
          0.7626880407333374
        ],
        [
          582.0499267578125,
          196.5815887451172,
          0.6933221220970154
        ],
        [
          535.5880126953125,
          194.39892578125,
          0.6949833631515503
        ],
        [
          618.2483520507812,
          237.226806640625,
          0.6512165069580078
        ],
        [
          500.62066650390625,
          250.25454711914062,
          0.7722043991088867
        ],
        [
          644.6427001953125,
          330.38916015625,
          0.7489849925041199
        ],
        [
          468.07220458984375,
          325.48016357421875,
          0.9214344024658203
        ],
        [
          644.5323486328125,
          399.25286865234375,
          0.9011394381523132
        ],
        [
          504.6641540527344,
          398.739013671875,
          0.9037503600120544
        ],
        [
          613.00634765625,
          418.29010009765625,
          0.8712288737297058
        ],
        [
          505.1949768066406,
          385.72283935546875,
          0.8672453165054321
        ],
        [
          548.3502197265625,
          308.51690673828125,
          0.593174397945404
        ],
        [
          556.6499633789062,
          433.21466064453125,
          0.30677157640457153
        ],
        [
          558.7318115234375,
          363.82952880859375,
          0.20875999331474304
        ],
        [
          559.0367431640625,
          367.4176330566406,
          0.14843028783798218
        ]
      ]
    ]
  }
}