{
  "raw": {
    "ppe_boxes": [
      [
        115.8051528930664,
        99.72199249267578,
        167.7596893310547,
        168.8579864501953
      ],
      [
        269.6258544921875,
        99.73795318603516,
        308.12164306640625,
        155.80056762695312
      ],
      [
        206.5105743408203,
        99.20854949951172,
        247.41587829589844,
        156.7372283935547
      ],
      [
        408.6939392089844,
        98.23719024658203,
        461.2066955566406,
        166.5988006591797
      ],
      [
        326.3355712890625,
        104.68867492675781,
        362.3974609375,
        157.86383056640625
      ],
      [
        418.6503601074219,
        66.6966781616211,
        442.755859375,
        84.10602569580078
      ],
      [
        278.4350891113281,
        74.35000610351562,
        300.24371337890625,
        89.78572845458984
      ],
      [
        126.27017211914062,
        69.20263671875,
        155.419921875,
        89.73727416992188
      ],
      [
        334.3481140136719,
        80.1142807006836,
        358.0027160644531,
        96.67411041259766
      ],
      [
        213.93820190429688,
        73.59867095947266,
        240.36158752441406,
        90.06106567382812
      ]
    ],
    "ppe_scores": [
      0.9672915935516357,
      0.9641674757003784,
      0.9524514079093933,
      0.9216851592063904,
      0.8996793031692505,
      0.8751108646392822,
      0.8436221480369568,
      0.7944774627685547,
      0.7837721705436707,
      0.7795466780662537
    ],
    "ppe_classes": [
      1,
      1,
      1,
      1,
      1,
      0,
      0,
      0,
      0,
      0
    ],
    "person_boxes": [
      [
        260.2023620605469,
        83.05729675292969,
        315.8465576171875,
        235.18011474609375
      ],
      [
        322.44342041015625,
        87.05097198486328,
        364.0841979980469,
        220.20164489746094
      ],
      [
        397.9278564453125,
        73.07246398925781,
        476.70001220703125,
        259.35308837890625
      ],
      [
        102.89557647705078,
        73.70943450927734,
        181.60107421875,
        266.8927307128906
      ],
      [
        194.29183959960938,
        82.88540649414062,
        262.0369567871094,
        246.9385986328125
      ]
    ],
    "person_scores": [
      0.9225925207138062,
      0.9119165539741516,
      0.8567713499069214,
      0.8343843221664429,
      0.41037794947624207
    ],
    "person_classes": [
      0,
      0,
      0,
      0,
      0
    ],
    "person_keypoints": [
      [
        [
          290.5782775878906,
          174.85487365722656,
          0.9478771090507507
        ],
        [
          252.07421875,
          166.68215942382812,
          0.9659990072250366
        ],
        [
          279.179931640625,
          146.0352783203125,
          0.8701875805854797
        ],
        [
          272.5205993652344,
          188.82992553710938,
          0.9026734828948975
        ],
        [
          283.798828125,
          120.17411804199219,
          0.9428814649581909
        ],
        [
          305.1471252441406,
          107.94973754882812,
          0.9636640548706055
        ],
        [
          273.8056640625,
          101.97846984863281,
          0.9732248187065125
        ],
        [
          314.1921081542969,
          132.9971923828125,
          0.8223453164100647
        ],
        [
          265.04669189453125,
          131.95321655273438,
          0.9014368057250977
        ],
        [
          316.5760192871094,
          151.74537658691406,
          0.9430323839187622
        ],
        [
          268.709228515625,
          149.02566528320312,
          0.8733592629432678
        ],
        [
          304.476806640625,
          150.95835876464844,
          0.9123827219009399
        ],
        [
          276.33447265625,
          148.9157257080078,
          0.6351257562637329
        ],
        [
          301.365478515625,
          202.06521606445312,
          0.8795087933540344
        ],
        [
          279.97393798828125,
          200.21522521972656,
          0.9122885465621948
        ],
        [
          276.6876525878906,
          161.5033721923828,
          0.6572893261909485
        ],
        [
          321.1116638183594,
          161.1671905517578,
          0.5976647138595581
        ]
      ],
      [
        [
          341.523681640625,
          173.37767028808594,
          0.9205211400985718
        ],
        [
          311.30877685546875,
          166.84661865234375,
          0.9478263258934021
        ],
        [
          335.3551940917969,
          148.5409698486328,
          0.7904725074768066
        ],
        [
          326.4674987792969,
          181.91783142089844,
          0.8515148162841797
        ],
        [
          335.6629333496094,
          133.2771759033203,
          0.8903523683547974
        ],
        [
          352.9817199707031,
          109.94197845458984,
          0.9246424436569214
        ],
        [
          330.5321350097656,
          105.03878784179688,
          0.9265576004981995
        ],
        [
          360.64776611328125,
          134.30508422851562,
          0.7864692211151123
        ],
        [
          322.5361022949219,
          132.37960815429688,
          0.8263087272644043
        ],
        [
          360.9119873046875,
          151.98428344726562,
          0.9331009387969971
        ],
        [
          327.20355224609375,
          149.88427734375,
          0.811116099357605
        ],
        [
          355.8843078613281,
          146.7577362060547,
          0.853962779045105
        ],
        [
          330.7317199707031,
          147.55670166015625,
          0.47251319885253906
        ],
        [
          350.9953308105469,
          192.79136657714844,
          0.8186601400375366
        ],
        [
          335.8961486816406,
          188.6447296142578,
          0.817386269569397
        ],
        [
          338.9993591308594,
          164.7427978515625,
          0.6264440417289734
        ],
        [
          362.7956237792969,
          156.6968994140625,
          0.6286237239837646
        ]
      ],
      [
        [
          452.5888671875,
          114.85204315185547,
          0.775891900062561
        ],
        [
          435.4575500488281,
          123.57492065429688,
          0.849855899810791
        ],
        [
          466.0221252441406,
          140.1167449951172,
          0.7033441066741943
        ],
        [
          444.34503173828125,
          81.53292846679688,
          0.6796011328697205
        ],
        [
          425.24481201171875,
          82.33142852783203,
          0.7740634679794312
        ],
        [
          458.3090515136719,
          96.95719146728516,
          0.8064463138580322
        ],
        [
          421.62310791015625,
          98.27045440673828,
          0.5888044238090515
        ],
        [
          470.49945068359375,
          130.68222045898438,
          0.526023268699646
        ],
        [
          411.8414611816406,
          135.10386657714844,
          0.866797685623169
        ],
        [
          478.0615234375,
          160.9434814453125,
          0.8634698390960693
        ],
        [
          409.9369812011719,
          158.41061401367188,
          0.9036245942115784
        ],
        [
          454.3983459472656,
          164.2754364013672,
          0.8579117655754089
        ],
        [
          416.6922302246094,
          166.45436096191406,
          0.891365647315979
        ],
        [
          420.35992431640625,
          153.94515991210938,
          0.7643700838088989
        ],
        [
          433.233642578125,
          190.73191833496094,
          0.6065916419029236
        ],
        [
          453.6546630859375,
          153.5149688720703,
