{
  "raw": {
    "ppe_boxes": [
      [
        778.5874633789062,
        290.61053466796875,
        997.5532836914062,
        635.3908081054688
      ],
      [
        586.846923828125,
        29.3375186920166,
        741.4631958007812,
        153.02725219726562
      ],
      [
        1130.6273193359375,
        15.6480073928833,
        1283.318359375,
        138.91067504882812
      ],
      [
        1054.022705078125,
        252.08966064453125,
        1391.9378662109375,
        735.2423095703125
      ],
      [
        783.6869506835938,
        58.87448501586914,
        976.4271850585938,
        199.6325225830078
      ],
      [
        194.1131134033203,
        110.46102142333984,
        363.3138427734375,
        243.98716735839844
      ],
      [
        106.4682846069336,
        329.79998779296875,
        425.5141296386719,
        803.7578735351562
      ],
      [
        489.93438720703125,
        257.1312255859375,
        742.0022583007812,
        563.840576171875
      ]
    ],
    "ppe_scores": [
      0.9238525629043579,
      0.9215505123138428,
      0.9164304733276367,
      0.8998104333877563,
      0.8207431435585022,
      0.8191348910331726,
      0.7717362642288208,
      0.4735577702522278
    ],
    "ppe_classes": [
      1,
      0,
      0,
      1,
      0,
      0,
      1,
      1
    ],
    "person_boxes": [
      [
        728.0081787109375,
        153.38436889648438,
        1042.224609375,
        916.1483764648438
      ],
      [
        75.54927825927734,
        183.22390747070312,
        452.1124267578125,
        979.16064453125
      ],
      [
        448.6794738769531,
        119.24260711669922,
        791.9882202148438,
        853.3235473632812
      ],
      [
        1038.551025390625,
        100.16401672363281,
        1410.125244140625,
        931.7740478515625
      ]
    ],
    "person_scores": [
      0.7974795699119568,
      0.7253029346466064,
      0.7143282890319824,
      0.6440640091896057
    ],
    "person_classes": [
      0,
      0,
      0,
      0
    ],
    "person_keypoints": [
      [
        [
          915.3460083007812,
          310.7138366699219,
          0.8918988108634949
        ],
        [
          852.6320190429688,
          426.37738037109375,
          0.874957263469696
        ],
        [
          982.262451171875,
          499.9900817871094,
          0.8365827202796936
        ],
        [
          916.5133056640625,
          219.2173614501953,
          0.772320568561554
        ],
        [
          819.152099609375,
          212.50204467773438,
          0.8637194037437439
        ],
        [
          972.4138793945312,
          307.947998046875,
          0.7914733290672302
        ],
        [
          786.14208984375,
          320.9225158691406,
          0.7432221174240112
        ],
        [
          987.011474609375,
          481.1343688964844,
          0.7821137309074402
        ],
        [
          749.8690795898438,
          462.2996826171875,
          0.933906614780426
        ],
        [
          1006.3485107421875,
          601.7711181640625,
          0.9182961583137512
        ],
        [
          786.5521850585938,
          585.5809936523438,
          0.9143440127372742
        ],
        [
          967.045166015625,
          616.2530517578125,
          0.9457852244377136
        ],
        [
          794.146484375,
          618.5516357421875,
          0.94419926404953
        ],
        [
          843.788818359375,
          520.5353393554688,
          0.6255109906196594
        ],
        [
          910.8436889648438,
          645.0673217773438,
          0.4361037015914917
        ],
        [
          945.1278076171875,
          475.95269775390625,
          0.18670600652694702
        ],
        [
          841.9965209960938,
          568.7176513671875,
          0.16437454521656036
        ]
      ],
      [
        [
          306.31671142578125,
          370.7671813964844,
          0.9248484969139099
        ],
        [
          204.78692626953125,
          477.83538818359375,
          0.9290497899055481
        ],
        [
          345.7484130859375,
          590.3034057617188,
          0.9019239544868469
        ],
        [
          270.1008605957031,
          287.6377868652344,
          0.8041678667068481
        ],
        [
          221.08944702148438,
          240.62472534179688,
          0.9105646014213562
        ],
        [
          364.08795166015625,
          312.99139404296875,
          0.832385241985321
        ],
        [
          161.49539184570312,
          340.8260803222656,
          0.8169898986816406
        ],
        [
          395.2419738769531,
          532.9174194335938,
          0.747516393661499
        ],
        [
          102.2831802368164,
          528.3258056640625,
          0.9746261239051819
        ],
        [
          390.5659484863281,
          684.0285034179688,
          0.960529088973999
        ],
        [
          142.48583984375,
          675.3740844726562,
          0.9476609826087952
        ],
        [
          389.9262390136719,
          703.8088989257812,
          0.9646329283714294
        ],
        [
          143.18124389648438,
          709.4680786132812,
          0.9591733813285828
        ],
        [
          228.4361114501953,
          631.915771484375,
          0.7555040717124939
        ],
        [
          282.07525634765625,
          773.40234375,
          0.48438799381256104
        ],
        [
          332.227783203125,
          567.4177856445312,
          0.1756931096315384
        ],
        [
          215.09922790527344,
          645.232666015625,
          0.13827136158943176
        ]
      ],
      [
        [
          653.7064819335938,
          242.6743927001953,
          0.9327999353408813
        ],
        [
          582.7288208007812,
          381.97296142578125,
          0.9043560028076172
        ],
        [
          726.2799682617188,
          486.0191345214844,
          0.8224906921386719
        ],
        [
          690.1459350585938,
          150.6435089111328,
          0.7842630743980408
        ],
        [
          563.5234375,
          124.30390167236328,
          0.8400220274925232
        ],
        [
          725.9838256835938,
          279.298583984375,
          0.7902344465255737
        ],
        [
          499.01123046875,
          275.7192687988281,
          0.8018097281455994
        ],
        [
          772.3724365234375,
          454.1329650878906,
          0.8403007388114929
        ],
        [
          465.3089294433594,
          461.3270568847656,
          0.9632702469825745
        ],
        [
          775.9891357421875,
          590.3358764648438,
          0.9229273200035095
        ],
        [
          511.1468505859375,
          594.5531005859375,
          0.9241185188293457
        ],
        [
          731.3097534179688,
          615.3892211914062,
          0.9641704559326172
        ],
        [
          509.7342224121094,
          623.3181762695312,
          0.9474039077758789
        ],
        [
          606.8169555664062,
          447.8088073730469,
          0.46447691321372986
        ],
        [
          664.7377319335938,
          637.2616577148438,
          0.3198625445365906
        ],
        [
          648.6453247070312,
          451.95465087890625,
          0.10802644491195679
        ],
        [
          578.0490112304688,
          514.2169799804688,
          0.09936615079641342
        ]
      ],
      [
        [
          1285.7275390625,
          281.5470275878906,
          0.922186553478241
        ],
        [
          1197.7130126953125,
          395.0986022949219,
          0.9366441965103149
        ],
        [
          1327.687255859375,
          531.486328125,
          0.9142658710479736
        ],
        [
